tkid,place,lat,lon,impact,description_en,description_ru,link1,link1Time,link2,link2Time,link3,link3Time,tag
1,dostuk,40.05229068,70.63277194,civinfra,School,Школа,https://youtu.be/JvugPEjieZU?t=531,531.0,,,,,socialmedia
2,dostuk,40.05256826,70.63278313,civinfra,Kindergarten,Детский сад,https://youtu.be/vBazRrT6tnQ?t=131,131.0,https://t.me/batken1/1392?single,43.0,https://youtu.be/JvugPEjieZU?t=570,570.0,socialmedia
3,dostuk,40.05272614,70.63291711,civinfra,Medical unit,ФАП,https://youtu.be/vBazRrT6tnQ?t=131,131.0,https://t.me/batken1/1392?single,18.0,https://youtu.be/JvugPEjieZU?t=601,601.0,socialmedia
4,dostuk,40.0529363,70.6322936,privateprop,,,https://youtu.be/vBazRrT6tnQ?t=131,131.0,,,,,socialmedia
5,dostuk,40.0526721,70.63202613,privateprop,,,,,,,,,satellite
6,dostuk,40.05235107,70.63204254,privateprop,,,https://t.me/batken1/1392?single,85.0,,,,,socialmedia
7,dostuk,40.05253555,70.63160599,privateprop,,,https://youtu.be/vBazRrT6tnQ?t=154,154.0,https://t.me/batken1/1392?single,126.0,,,socialmedia
8,dostuk,40.05217065,70.63145763,privateprop,,,,,,,,,satellite
9,dostuk,40.05206999,70.63090058,privateprop,,,,,,,,,satellite
10,dostuk,40.05228775,70.63031801,privateprop,,,,,,,,,satellite
11,dostuk,40.04916602,70.6288643,privateprop,,,,,,,,,satellite
12,dostuk,40.05030809,70.62921313,privateprop,,,,,,,,,satellite
13,dostuk,40.05036523,70.62876699,privateprop,,,https://youtu.be/vBazRrT6tnQ?t=2091,2091.0,https://youtu.be/JvugPEjieZU?t=199,199.0,,,socialmedia
14,dostuk,40.04988316,70.62912308,privateprop,,,,,,,,,satellite
15,dostuk,40.04980344,70.62966769,privateprop,,,,,,,,,satellite
16,dostuk,40.05000803,70.62982317,privateprop,,,,,,,,,satellite
17,dostuk,40.05132969,70.6291046,privateprop,,,,,,,,,satellite
18,dostuk,40.05046479,70.63081113,privateprop,,,,,,,,,satellite
19,dostuk,40.05089751,70.63062469,privateprop,,,,,,,,,satellite
20,dostuk,40.05077573,70.63034183,privateprop,,,,,,,,,satellite
21,dostuk,40.05147814,70.63022037,privateprop,,,,,,,,,satellite
22,dostuk,40.05175183,70.63073382,privateprop,,,,,,,,,satellite
23,dostuk,40.05175429,70.63160442,privateprop,,,,,,,,,satellite
24,dostuk,40.05151207,70.62922811,privateprop,,,,,,,,,satellite
25,dostuk,40.05133013,70.62975623,privateprop,,,,,,,,,satellite
26,dostuk,40.05184678,70.6299726,privateprop,,,,,,,,,satellite
27,dostuk,40.05194969,70.62960671,privateprop,,,,,,,,,satellite
28,dostuk,40.05214595,70.62917858,privateprop,,,,,,,,,satellite
29,dostuk,40.05201113,70.62883718,privateprop,,,,,,,,,satellite
30,dostuk,40.05223402,70.62880306,privateprop,,,,,,,,,satellite
31,dostuk,40.05236276,70.62965031,privateprop,,,https://youtu.be/vBazRrT6tnQ?t=1391,1391.0,,,,,socialmedia
32,dostuk,40.05292282,70.62951654,privateprop,,,https://youtu.be/vBazRrT6tnQ?t=1293,1293.0,,,,,socialmedia
33,dostuk,40.05296757,70.62925894,privateprop,,,https://youtu.be/vBazRrT6tnQ?t=1258 ,,,,,,socialmedia
34,dostuk,40.05326352,70.6285691,privateprop,,,,,,,,,satellite
35,dostuk,40.05381641,70.62899432,privateprop,,,https://youtu.be/vBazRrT6tnQ?t=514,514.0,,,,,socialmedia
36,dostuk,40.05387866,70.6294919,privateprop,,,https://youtu.be/vBazRrT6tnQ?t=257,257.0,,,,,socialmedia
37,dostuk,40.05392832,70.63005589,privateprop,,,,,,,,,satellite
38,dostuk,40.05410402,70.63078762,privateprop,,,,,,,,,satellite
39,dostuk,40.05276074,70.63040648,privateprop,,,,,,,,,satellite
40,dostuk,40.05246737,70.63103183,privateprop,,,,,,,,,satellite
41,dostuk,40.05272891,70.63102393,privateprop,,,https://youtu.be/vBazRrT6tnQ?t=154,154.0,,,,,socialmedia
42,dostuk,40.05269253,70.63159553,privateprop,,,https://youtu.be/vBazRrT6tnQ?t=154,154.0,https://t.me/batken1/1392?single,157.0,,,socialmedia
43,dostuk,40.05308014,70.63118575,privateprop,,,,,,,,,satellite
44,dostuk,40.05337844,70.63067378,privateprop,,,,,,,,,satellite
45,dostuk,40.05435068,70.63258328,privateprop,,,,,,,,,satellite
46,dostuk,40.05394077,70.63173765,privateprop,,,https://youtu.be/vBazRrT6tnQ?t=154,154.0,,,,,socialmedia
47,dostuk,40.05418866,70.63134679,privateprop,,,https://youtu.be/vBazRrT6tnQ?t=154,154.0,,,,,socialmedia
48,dostuk,40.05454593,70.63117721,privateprop,,,,,,,,,satellite
49,dostuk,40.05460208,70.63077788,privateprop,,,https://youtu.be/vBazRrT6tnQ?t=154,154.0,,,,,socialmedia
50,dostuk,40.05450563,70.6304289,privateprop,,,https://youtu.be/vBazRrT6tnQ?t=154,154.0,,,,,socialmedia
51,dostuk,40.05431556,70.62999735,privateprop,,,,,,,,,satellite
52,dostuk,40.05424378,70.62965527,privateprop,,,https://youtu.be/vBazRrT6tnQ?t=255,255.0,,,,,socialmedia
53,dostuk,40.05418128,70.6293153,privateprop,,,https://youtu.be/vBazRrT6tnQ?t=251,251.0,,,,,socialmedia
54,dostuk,40.05459475,70.62910266,privateprop,,,https://youtu.be/vBazRrT6tnQ?t=247,247.0,,,,,socialmedia
55,borborduk,40.18818809,69.82864884,civinfra,Police Station,Отдел милиции,https://fb.watch/jk0s06_Xq6/,126.0,,,,,socialmedia
56,borborduk,40.18772418,69.82780618,civinfra,Municipality Building ,Здание сельской администрации (Айыл Окмоту),https://fb.watch/jk0s06_Xq6/,103.0,,,,,socialmedia
57,borborduk,40.18089739,69.79597606,privateprop,Hotel,Отель,https://youtu.be/6wskc5TIvGQ?t=2567,2567.0,,,,,socialmedia
58,borborduk,40.19149107,69.83647031,privateprop,,,,,,,,,satellite
59,borborduk,40.18660708,69.83015517,privateprop,,,,,,,,,satellite
60,borborduk,40.18723545,69.82834195,privateprop,,,,,,,,,satellite
61,borborduk,40.18757293,69.82933816,privateprop,,,,,,,,,satellite
62,borborduk,40.18746162,69.82902011,privateprop,,,,,,,,,satellite
63,maksat,40.12790161,69.69333127,civinfra,Municipality Building ,Здание сельской администрации (Айыл Окмоту),https://youtu.be/x5ubzv86-VQ?t=132,132.0,,,,,socialmedia
64,maksat,40.135253,69.703747,privateprop,,,,,,,,,satellite
65,maksat,40.13500819,69.70354465,privateprop,,,https://youtu.be/x5ubzv86-VQ?t=605,605.0,,,,,socialmedia
66,maksat,40.13472031,69.70325171,privateprop,,,https://youtu.be/x5ubzv86-VQ?t=550,550.0,,,,,socialmedia
67,maksat,40.1283307,69.69338396,privateprop,,,https://youtu.be/x5ubzv86-VQ?t=54,54.0,,,,,socialmedia
68,maksat,40.12379927,69.68608472,privateprop,,,https://youtu.be/raWjX-jtYkU?t=162,162.0,,,,,socialmedia
69,maksat,40.12866753,69.69427472,privateprop,,,https://youtu.be/raWjX-jtYkU?t=201,201.0,,,,,socialmedia
70,maksat,40.12374455,69.68457834,privateprop,,,,,,,,,satellite
71,maksat,40.12469236,69.68421643,privateprop,,,,,,,,,satellite
72,maksat,40.12426052,69.68459316,privateprop,,,,,,,,,satellite
73,maksat,40.12339269,69.68502113,privateprop,,,,,,,,,satellite
74,maksat,40.12465781,69.68575757,privateprop,,,,,,,,,satellite
75,maksat,40.12442476,69.68550208,privateprop,,,,,,,,,satellite
76,maksat,40.12417263,69.68575761,privateprop,,,,,,,,,satellite
77,maksat,40.12432698,69.68698525,privateprop,,,,,,,,,satellite
78,maksat,40.12402782,69.68726835,privateprop,,,,,,,,,satellite
79,maksat,40.12408289,69.68759348,privateprop,,,,,,,,,satellite
80,maksat,40.12156765,69.68809396,privateprop,,,,,,,,,satellite
81,maksat,40.1257099,69.6944056,privateprop,,,,,,,,,satellite
82,maksat,40.1299908,69.69731824,privateprop,,,,,,,,,satellite
83,maksat,40.13498212,69.70653735,privateprop,,,,,,,,,satellite
84,maksat,40.13525392,69.70374689,privateprop,,,,,,,,,satellite
85,maksat,40.12793303,69.69230219,privateprop,,,,,,,,,satellite
86,maksat,40.12718301,69.69208735,privateprop,,,,,,,,,satellite
87,maksat,40.12688869,69.69221641,privateprop,,,,,,,,,satellite
88,chorkishlok,40.06594915,70.62324076,privateprop,,,https://asiaplustj.info/sites/default/files/articles/316877/1.JPG,,https://www.asiaplustj.info/ru/news/tajikistan/society/20220928/telo-otvezli-v-drugoe-selo-potomu-kladbitshe-obstrelivali-zhiteli-chorkishlok-rasskazali-kak-sobirali-tela-pogibshih,,,,socialmedia
89,chorkishlok,40.06452064,70.62437877,privateprop,,,,,,,,,satellite
90,batken,40.05482036,70.81465654,privateprop,,,https://t.me/seychas_kg/13354,,,,,,socialmedia
91,lakkon,40.17184902,70.86549938,privateprop,,,https://youtu.be/xzdWXwGTLdA?t=99,99.0,,,,,socialmedia
92,lakkon,40.17180342,70.8649373,privateprop,,,,,,,,,satellite
93,lakkon,40.17160312,70.86464591,privateprop,,,https://youtu.be/xzdWXwGTLdA?t=391,391.0,,,,,socialmedia
94,lakkon,40.17217585,70.86513622,privateprop,,,https://youtu.be/xzdWXwGTLdA?t=531,531.0,,,,,socialmedia
95,lakkon,40.17148446,70.86445553,privateprop,,,https://youtu.be/xzdWXwGTLdA?t=473,473.0,,,,,socialmedia
96,lakkon,40.17087544,70.86443788,privateprop,,,,,,,,,satellite
97,ovchi-kalacha,40.12425713,69.68419473,privateprop,,,,,,,,,satellite
98,ovchi-kalacha,40.11661741,69.6850779,privateprop,,,https://www.facebook.com/asiaplustj/photos/pcb.5526168997448178/5526165780781833,,,,,,socialmedia
99,ovchi-kalacha,40.11675095,69.68476768,privateprop,,,,,,,,,satellite
100,ovchi-kalacha,40.11696564,69.68470327,privateprop,,,,,,,,,satellite
101,ovchi-kalacha,40.11721009,69.68509949,privateprop,,,,,,,,,satellite
102,ovchi-kalacha,40.11828079,69.6829665,privateprop,,,,,,,,,satellite
103,ovchi-kalacha,40.1264751,69.68413889,privateprop,,,https://gdb.rferl.org/09850000-0aff-0242-55f5-08da989a619f_w1597_n_st.jpeg,,,,,,socialmedia
104,ovchi-kalacha,40.12615357,69.68441803,privateprop,,,https://gdb.rferl.org/09850000-0aff-0242-7f19-08da9899f17f_w1597_n_st.jpeg,,https://gdb.rferl.org/09850000-0aff-0242-5741-08da989aafbd_w1023_s.jpeg,,,,socialmedia
105,ovchi-kalacha,40.12419955,69.68417116,privateprop,,,,,,,,,satellite
106,ovchi-kalacha,40.11656053,69.68481169,privateprop,,,,,,,,,satellite
107,international,40.12187132,69.6700486,privateprop,,,https://youtu.be/ioliQpD3_tM?t=27,27.0,https://youtu.be/raWjX-jtYkU?t=62,62.0,,,socialmedia
108,international,40.12205986,69.67009177,privateprop,,,,,,,,,satellite
109,international,40.12171852,69.6700321,privateprop,,,,,,,,,satellite
110,international,40.12162388,69.66994809,privateprop,,,,,,,,,satellite
111,international,40.11702422,69.67759088,privateprop,,,,,,,,,satellite
112,international,40.11563099,69.67980581,privateprop,,,,,,,,,satellite
113,international,40.11383719,69.68113217,privateprop,,,https://youtu.be/6-ujXU5i0bk?t=532,532.0,,,,,socialmedia
114,international,40.1172106,69.67910553,privateprop,,,,,,,,,satellite
115,min-oruk,39.99114423,70.62069736,privateprop,,,,,,,,,satellite
116,min-oruk,39.99092737,70.62072211,privateprop,,,,,,,,,satellite
117,min-oruk,39.99193559,70.62012389,privateprop,,,,,,,,,satellite
118,min-oruk,39.99179591,70.62018776,privateprop,,,,,,,,,satellite
119,min-oruk,39.99229555,70.62050535,privateprop,,,,,,,,,satellite
120,min-oruk,39.99329091,70.62027779,privateprop,,,,,,,,,satellite
121,min-oruk,39.99284946,70.6203639,privateprop,,,,,,,,,satellite
122,min-oruk,39.99345732,70.61989965,privateprop,,,,,,,,,satellite
123,min-oruk,39.99358327,70.61987318,privateprop,,,,,,,,,satellite
124,min-oruk,39.99371475,70.61981569,privateprop,,,https://www.turmush.kg/ru/news:1822042,,,,,,socialmedia
125,min-oruk,39.9937608,70.62021733,privateprop,,,https://www.turmush.kg/ru/news:1822042,,,,,,socialmedia
126,min-oruk,39.99443332,70.61970041,privateprop,,,,,,,,,satellite
127,min-oruk,39.99512778,70.6201135,privateprop,,,,,,,,,satellite
128,min-oruk,39.99588052,70.61959729,privateprop,,,,,,,,,satellite
129,min-oruk,39.99686771,70.61980227,privateprop,,,,,,,,,satellite
130,min-oruk,39.99662858,70.61983349,privateprop,,,https://youtu.be/eFSZ-DZ21YU?t=291,291.0,,,,,socialmedia
131,min-oruk,39.99658797,70.61954566,privateprop,,,,,,,,,satellite
132,min-oruk,39.99703211,70.61982448,privateprop,,,https://youtu.be/eFSZ-DZ21YU?t=343,343.0,,,,,socialmedia
133,min-oruk,39.9969764,70.61947789,privateprop,,,https://youtu.be/eFSZ-DZ21YU?t=319,319.0,,,,,socialmedia
134,min-oruk,39.99737103,70.61895824,privateprop,,,https://youtu.be/N7eE5MPiNQ8?t=630,630.0,,,,,socialmedia
135,min-oruk,39.99767646,70.61929901,privateprop,,,,,,,,,satellite
136,min-oruk,39.99793681,70.61969501,privateprop,,,,,,,,,satellite
137,min-oruk,39.99768676,70.61972196,privateprop,,,,,,,,,satellite
138,min-oruk,39.99837749,70.61990614,privateprop,,,,,,,,,satellite
139,min-oruk,39.99856991,70.62032211,privateprop,,,https://youtu.be/eFSZ-DZ21YU?t=264,264.0,,,,,socialmedia
140,min-oruk,39.99866406,70.62134482,privateprop,,,,,,,,,satellite
141,min-oruk,39.99865591,70.62158746,privateprop,,,,,,,,,satellite
142,min-oruk,39.99809351,70.62064832,privateprop,,,,,,,,,satellite
143,min-oruk,39.99761219,70.6210824,privateprop,,,,,,,,,satellite
144,min-oruk,39.99739819,70.62083594,privateprop,,,,,,,,,satellite
145,min-oruk,39.99701491,70.62113552,privateprop,,,,,,,,,satellite
146,min-oruk,39.99648767,70.62087285,privateprop,,,,,,,,,satellite
147,min-oruk,39.99636085,70.62091247,privateprop,,,,,,,,,satellite
148,min-oruk,39.99584211,70.62089868,privateprop,,,,,,,,,satellite
149,min-oruk,39.997171,70.62287866,privateprop,,,,,,,,,satellite
150,min-oruk,39.99749718,70.62210635,privateprop,,,,,,,,,satellite
151,min-oruk,39.99626479,70.62347204,privateprop,,,,,,,,,satellite
152,min-oruk,40.00156724,70.62091675,privateprop,,,https://t.me/ChDambiev/19485,,,,,,socialmedia
153,min-bulak,39.97868587,70.62019439,privateprop,,,,,,,,,satellite
154,min-bulak,39.97849574,70.61939974,privateprop,,,,,,,,,satellite
155,min-bulak,39.98665117,70.62289685,privateprop,,,,,,,,,satellite
156,min-bulak,39.98659116,70.62235044,privateprop,,,,,,,,,satellite
157,min-bulak,39.98687887,70.62209695,privateprop,,,,,,,,,satellite
158,min-bulak,39.98221847,70.62132683,privateprop,,,,,,,,,satellite
159,arka,40.19346232,69.88360754,privateprop,,,,,,,,,satellite
160,arka,40.19319612,69.88371328,privateprop,,,,,,,,,satellite
161,arka,40.18877103,69.88161334,privateprop,,,,,,,,,satellite
162,arka,40.18868096,69.88107573,privateprop,,,,,,,,,satellite
163,arka,40.1891503,69.88054304,privateprop,,,,,,,,,satellite
164,arka,40.18936276,69.88051296,privateprop,,,,,,,,,satellite
165,arka,40.18909445,69.88293845,privateprop,,,https://telegra.ph/file/a1feb17203443a8d595dc.jpg,,,,,,socialmedia
166,arka,40.18973207,69.880429,privateprop,,,,,,,,,satellite
167,arka,40.18973961,69.88088805,privateprop,,,,,,,,,satellite
168,arka,40.19045897,69.88065148,privateprop,,,https://youtu.be/Y3jv9Fgw53s?t=29,29.0,,,,,socialmedia
169,arka,40.19033801,69.88167403,privateprop,,,https://youtu.be/Y3jv9Fgw53s?t=41,41.0,,,,,socialmedia
170,arka,40.19004619,69.88175983,privateprop,,,https://youtu.be/Y3jv9Fgw53s?t=49,49.0,,,,,socialmedia
171,arka,40.19346288,69.8833152,privateprop,,,,,,,,,satellite
172,arka,40.193594,69.88326714,privateprop,,,,,,,,,satellite
173,arka,40.19300308,69.88341103,privateprop,,,,,,,,,satellite
174,arka,40.19297988,69.88086603,privateprop,,,https://youtu.be/Y3jv9Fgw53s?t=57,57.0,,,,,socialmedia
175,arka,40.1927386,69.88106497,privateprop,,,https://youtu.be/6wskc5TIvGQ?t=585,558.0,,,,,socialmedia
176,arka,40.19259031,69.88203656,privateprop,,,,,,,,,satellite
177,arka,40.19234068,69.8820995,privateprop,,,,,,,,,satellite
178,arka,40.19431761,69.88059094,privateprop,,,https://youtu.be/Y3jv9Fgw53s?t=69,69.0,,,,,socialmedia
179,arka,40.1935102,69.88082652,privateprop,,,https://youtu.be/Y3jv9Fgw53s?t=59,59.0,,,,,socialmedia
180,arka,40.19390124,69.88173475,privateprop,,,,,,,,,satellite
181,arka,40.19483501,69.88127476,privateprop,,,https://youtu.be/Y3jv9Fgw53s?t=74,74.0,,,,,socialmedia
182,arka,40.19469171,69.87949813,privateprop,,,,,,,,,satellite
183,arka,40.19439162,69.87957771,privateprop,,,,,,,,,satellite
184,arka,40.19432115,69.87924687,privateprop,,,,,,,,,satellite
185,arka,40.1940564,69.88010776,privateprop,,,https://youtu.be/Y3jv9Fgw53s?t=66,66.0,,,,,socialmedia
186,arka,40.19367056,69.87916958,privateprop,,,https://youtu.be/6wskc5TIvGQ?t=584,584.0,,,,,socialmedia
187,arka,40.19372834,69.88018503,privateprop,,,https://youtu.be/Y3jv9Fgw53s?t=60,60.0,,,,,socialmedia
188,arka,40.19331331,69.87927289,privateprop,,,https://youtu.be/6wskc5TIvGQ?t=584,584.0,,,,,socialmedia
189,arka,40.19292173,69.87994645,privateprop,,,https://youtu.be/6wskc5TIvGQ?t=584,584.0,,,,,socialmedia
190,arka,40.19276961,69.87998124,privateprop,,,https://youtu.be/6wskc5TIvGQ?t=584,584.0,,,,,socialmedia
191,arka,40.19267175,69.88044147,privateprop,,,https://youtu.be/Y3jv9Fgw53s?t=18,18.0,,,,,socialmedia
192,arka,40.19244127,69.88043928,privateprop,,,https://youtu.be/Y3jv9Fgw53s?t=18,18.0,,,,,socialmedia
193,arka,40.19523561,69.87944802,privateprop,,,,,,,,,satellite
194,arka,40.19522622,69.87992003,privateprop,,,,,,,,,satellite
195,arka,40.19588516,69.88026233,privateprop,,,,,,,,,satellite
196,arka,40.19609121,69.88118218,privateprop,,,,,,,,,satellite
197,arka,40.19681449,69.87962308,privateprop,,,,,,,,,satellite
198,arka,40.19632805,69.87916223,privateprop,,,,,,,,,satellite
199,arka,40.19616401,69.87923679,privateprop,,,,,,,,,satellite
200,arka,40.19583119,69.8787459,privateprop,,,,,,,,,satellite
201,arka,40.19648123,69.87870328,privateprop,,,,,,,,,satellite
202,arka,40.19740226,69.88068445,privateprop,,,,,,,,,satellite
203,arka,40.19669407,69.88009593,privateprop,,,,,,,,,satellite
204,arka,40.19857643,69.88048738,privateprop,,,https://youtu.be/Y3jv9Fgw53s?t=100,100.0,,,,,socialmedia
205,arka,40.19846283,69.88238553,privateprop,,,,,,,,,satellite
206,arka,40.19907291,69.88197476,privateprop,,,,,,,,,satellite
207,arka,40.1999377,69.881959,privateprop,,,,,,,,,satellite
208,arka,40.19969877,69.88201372,privateprop,,,,,,,,,satellite
209,arka,40.20016652,69.88190654,privateprop,,,,,,,,,satellite
210,arka,40.19976814,69.8801378,privateprop,,,https://youtu.be/Y3jv9Fgw53s?t=88,88.0,,,,,socialmedia
211,arka,40.19957382,69.87937809,privateprop,,,https://youtu.be/Y3jv9Fgw53s?t=96,96.0,https://telegra.ph/file/dfbfeceb2c451011ef074.jpg,,,,socialmedia
212,arka,40.19996351,69.88422586,privateprop,,,,,,,,,satellite
213,arka,40.20078745,69.88436431,privateprop,,,,,,,,,satellite
214,arka,40.20119443,69.88414488,privateprop,,,,,,,,,satellite
215,arka,40.2009004,69.8839824,privateprop,,,,,,,,,satellite
216,arka,40.20061896,69.88348526,privateprop,,,,,,,,,satellite
217,arka,40.20055482,69.88247948,privateprop,,,https://youtu.be/6wskc5TIvGQ?t=208,208.0,https://telegra.ph/file/fe0f5d386acac9b1990f5.jpg,,,,socialmedia
218,arka,40.20099241,69.88269414,privateprop,,,https://telegra.ph/file/29d07bdb04eceb3eb9264.jpg,,,,,,socialmedia
219,arka,40.20088535,69.88236372,privateprop,,,,,,,,,satellite
220,arka,40.20125973,69.88216613,privateprop,,,,,,,,,satellite
221,arka,40.19048946,69.87543246,privateprop,,,,,,,,,satellite
222,arka,40.20059808,69.8827535,privateprop,,,https://youtu.be/6wskc5TIvGQ?t=221,221.0,,,,,socialmedia
223,arka,40.20110372,69.88290982,privateprop,,,https://youtu.be/6wskc5TIvGQ?t=214,214.0,,,,,socialmedia
224,arka,40.18886468,69.88200103,privateprop,,,https://telegra.ph/file/3b031205f2cda397cddcc.jpg,,,,,,socialmedia
225,karabak,40.16513377,70.82919828,privateprop,,,https://youtu.be/Qrj7C0eJDOo?t=153,153.0,,,,,socialmedia
226,karabak,40.16506721,70.82876471,privateprop,,,https://youtu.be/Qrj7C0eJDOo?t=148,148.0,,,,,socialmedia
227,karabak,40.16495626,70.83123471,privateprop,,,,,,,,,satellite
228,karabak,40.16407298,70.80319677,privateprop,,,,,,,,,satellite
229,karabak,40.16245634,70.8028094,privateprop,,,,,,,,,satellite
230,karabak,40.16231641,70.80245847,privateprop,,,,,,,,,satellite
231,karabak,40.16236437,70.8031912,privateprop,,,,,,,,,satellite
232,karabak,40.1584988,70.80304997,privateprop,,,,,,,,,satellite
233,karabak,40.15573854,70.80331196,privateprop,,,,,,,,,satellite
234,karabak,40.15513341,70.80316983,privateprop,,,,,,,,,satellite
235,karabak,40.15989301,70.81514764,privateprop,,,,,,,,,satellite
236,karabak,40.16422135,70.80410634,privateprop,,,,,,,,,satellite
237,kapchygai,39.88167875,70.53087051,privateprop,,,,,,,,,satellite
238,kapchygai,39.88135451,70.53072702,privateprop,,,,,,,,,satellite
239,kapchygai,39.8813299,70.53042183,privateprop,,,,,,,,,satellite
240,kapchygai,39.88163529,70.52924126,privateprop,,,,,,,,,satellite
241,kapchygai,39.88184143,70.52896515,privateprop,,,,,,,,,satellite
242,kapchygai,39.88180178,70.5294437,privateprop,,,,,,,,,satellite
243,kapchygai,39.8812751,70.52955206,privateprop,,,,,,,,,satellite
244,kapchygai,39.88115414,70.52844557,privateprop,,,,,,,,,satellite
245,kapchygai,39.88177615,70.52815549,privateprop,,,,,,,,,satellite
246,kapchygai,39.88145789,70.52883091,privateprop,,,,,,,,,satellite
247,kapchygai,39.88205088,70.52769252,privateprop,,,,,,,,,satellite
248,kapchygai,39.88200898,70.5279773,privateprop,,,,,,,,,satellite
249,kapchygai,39.88230153,70.52739014,privateprop,,,,,,,,,satellite
250,kapchygai,39.88237841,70.52893501,privateprop,,,,,,,,,satellite
251,kapchygai,39.88247154,70.52865413,privateprop,,,,,,,,,satellite
252,kapchygai,39.88319922,70.5283729,privateprop,,,,,,,,,satellite
253,kapchygai,39.88387919,70.52791112,privateprop,,,https://youtu.be/raWjX-jtYkU?t=458,458.0,,,,,socialmedia
254,kapchygai,39.88422086,70.52782642,privateprop,,,,,,,,,satellite
255,kapchygai,39.88438482,70.52883009,privateprop,,,,,,,,,satellite
256,kapchygai,39.88382608,70.52873499,privateprop,,,,,,,,,satellite
257,kapchygai,39.8847495,70.52767386,privateprop,,,,,,,,,satellite
258,kapchygai,39.8845179,70.52723182,privateprop,,,,,,,,,satellite
259,kapchygai,39.88588725,70.52746959,privateprop,,,https://youtu.be/raWjX-jtYkU?t=455,455.0,,,,,socialmedia
260,kapchygai,39.88508085,70.52746702,privateprop,,,,,,,,,satellite
261,kapchygai,39.8857115,70.52659692,privateprop,,,,,,,,,satellite
262,kapchygai,39.88524402,70.5269324,privateprop,,,,,,,,,satellite
263,kapchygai,39.88297658,70.5265921,privateprop,,,,,,,,,satellite
264,kapchygai,39.88303539,70.52780093,privateprop,,,,,,,,,satellite
265,kapchygai,39.88325805,70.52755641,privateprop,,,,,,,,,satellite
266,kapchygai,39.88278285,70.52760958,privateprop,,,,,,,,,satellite
267,kapchygai,39.88352965,70.52624184,privateprop,,,,,,,,,satellite
268,kapchygai,39.88363303,70.52687686,privateprop,,,,,,,,,satellite
269,kapchygai,39.88340236,70.52664627,privateprop,,,,,,,,,satellite
270,kapchygai,39.88359282,70.52732673,privateprop,,,,,,,,,satellite
271,kapchygai,39.88387823,70.52719655,privateprop,,,,,,,,,satellite
272,kapchygai,39.88459946,70.52483435,privateprop,,,,,,,,,satellite
273,kapchygai,39.88523408,70.5247663,privateprop,,,,,,,,,satellite
274,kapchygai,39.88424317,70.52568353,privateprop,,,,,,,,,satellite
275,kapchygai,39.88392129,70.52612232,privateprop,,,,,,,,,satellite
276,kapchygai,39.88432528,70.52696981,privateprop,,,,,,,,,satellite
277,kapchygai,39.88470559,70.52660934,privateprop,,,,,,,,,satellite
278,kapchygai,39.88490929,70.52643583,privateprop,,,https://youtu.be/raWjX-jtYkU?t=433,433.0,,,,,socialmedia
279,kapchygai,39.88540305,70.52581892,privateprop,,,,,,,,,satellite
280,kapchygai,39.88545331,70.52528254,privateprop,,,,,,,,,satellite
281,kapchygai,39.886526,70.52592232,privateprop,,,,,,,,,satellite
282,kapchygai,39.88611851,70.52552659,privateprop,,,,,,,,,satellite
283,kapchygai,39.88592877,70.52519855,privateprop,,,https://youtu.be/R9T8VIYCS7Q?t=9,9.0,,,,,socialmedia
284,kapchygai,39.88677415,70.52545611,privateprop,,,,,,,,,satellite
285,kapchygai,39.88661374,70.52450845,privateprop,,,,,,,,,satellite
286,kapchygai,39.88750903,70.52500163,privateprop,,,,,,,,,satellite
287,kapchygai,39.88592927,70.52336646,privateprop,,,,,,,,,satellite
288,kapchygai,39.88669396,70.52348393,privateprop,,,,,,,,,satellite
289,kapchygai,39.88663668,70.52303151,privateprop,,,,,,,,,satellite
290,kapchygai,39.88649778,70.52406105,privateprop,,,,,,,,,satellite
291,kapchygai,39.88703512,70.52274046,privateprop,,,,,,,,,satellite
292,kapchygai,39.88744889,70.52254855,privateprop,,,,,,,,,satellite
293,kapchygai,39.88780044,70.52350222,privateprop,,,,,,,,,satellite
294,kapchygai,39.88790604,70.52211135,privateprop,,,,,,,,,satellite
295,kapchygai,39.88840543,70.52477936,privateprop,,,,,,,,,satellite
296,kapchygai,39.88839081,70.52394164,privateprop,,,,,,,,,satellite
297,kapchygai,39.88840414,70.52164058,privateprop,,,,,,,,,satellite
298,ak-sai,39.8770319,70.49609389,privateprop,,,,,,,,,satellite
299,ak-sai,39.8771852,70.49653107,privateprop,,,,,,,,,satellite
300,ak-sai,39.87740058,70.49719886,privateprop,,,,,,,,,satellite
301,ak-sai,39.87804014,70.49664922,privateprop,,,,,,,,,satellite
302,ak-sai,39.878367,70.49727776,privateprop,,,,,,,,,satellite
303,ak-sai,39.87779489,70.49757475,privateprop,,,,,,,,,satellite
304,ak-sai,39.88031669,70.49767823,privateprop,,,,,,,,,satellite
305,ak-sai,39.88050994,70.49830559,privateprop,,,,,,,,,satellite
306,ak-sai,39.87940896,70.49925236,privateprop,,,,,,,,,satellite
307,ak-sai,39.87884389,70.4984457,privateprop,,,,,,,,,satellite
308,ak-sai,39.87933721,70.5006437,privateprop,,,,,,,,,satellite
309,ak-sai,39.87861625,70.49852067,privateprop,,,,,,,,,satellite
310,ak-sai,39.87827867,70.49879858,privateprop,,,,,,,,,satellite
311,ak-sai,39.87720994,70.49844927,privateprop,,,,,,,,,satellite
312,ak-sai,39.87739515,70.49883868,privateprop,,,,,,,,,satellite
313,ak-sai,39.87716061,70.49899023,privateprop,,,,,,,,,satellite
314,ak-sai,39.87693618,70.49859977,privateprop,,,,,,,,,satellite
315,ak-sai,39.87688965,70.49907554,privateprop,,,,,,,,,satellite
316,ak-sai,39.87667114,70.49921547,privateprop,,,,,,,,,satellite
317,ak-sai,39.87638416,70.49892101,privateprop,,,,,,,,,satellite
318,ak-sai,39.87608113,70.49907004,privateprop,,,,,,,,,satellite
319,ak-sai,39.87668076,70.49763007,privateprop,,,,,,,,,satellite
320,ak-sai,39.87620099,70.49751763,privateprop,,,,,,,,,satellite
321,ak-sai,39.87646891,70.49629721,privateprop,,,,,,,,,satellite
322,ak-sai,39.87595331,70.49653744,privateprop,,,,,,,,,satellite
323,ak-sai,39.87564101,70.49680333,privateprop,,,,,,,,,satellite
324,ak-sai,39.8749494,70.4968896,privateprop,,,,,,,,,satellite
325,ak-sai,39.87966573,70.50156069,privateprop,,,,,,,,,satellite
326,ak-sai,39.88089957,70.50518298,privateprop,,,,,,,,,satellite
327,ak-sai,39.88068133,70.50592668,privateprop,,,,,,,,,satellite
328,ak-sai,39.88072473,70.50641148,privateprop,,,,,,,,,satellite
329,ak-sai,39.88102534,70.50718369,privateprop,,,,,,,,,satellite
330,ak-sai,39.88159975,70.50679221,privateprop,,,,,,,,,satellite
331,ak-sai,39.87275282,70.50609297,privateprop,,,,,,,,,satellite
332,ak-sai,39.87430765,70.51233073,privateprop,,,,,,,,,satellite
298,ak-sai,39.87725795,70.51755184,privateprop,,,,,,,,,satellite
299,ak-sai,39.88063434,70.50906685,privateprop,,,,,,,,,satellite
300,ak-sai,39.88034002,70.50918563,privateprop,,,,,,,,,satellite
301,ak-sai,39.88020632,70.51002711,privateprop,,,,,,,,,satellite
302,ak-sai,39.87975189,70.50982713,privateprop,,,,,,,,,satellite
303,ak-sai,39.87622164,70.51416929,privateprop,,,,,,,,,satellite
304,ak-sai,39.87593529,70.51425532,privateprop,,,,,,,,,satellite
305,ak-sai,39.8766665,70.51369755,privateprop,,,,,,,,,satellite
306,ak-sai,39.87697956,70.51590204,privateprop,,,,,,,,,satellite
307,ak-sai,39.87804429,70.51132741,privateprop,,,,,,,,,satellite
308,ak-sai,39.8801301,70.51127992,privateprop,,,,,,,,,satellite
309,ak-sai,39.87759407,70.51842169,privateprop,,,https://youtu.be/raWjX-jtYkU?t=677,677.0,,,,,socialmedia
310,ak-sai,39.8778463,70.51901979,privateprop,,,,,,,,,satellite
311,ak-sai,39.87797712,70.51937287,privateprop,,,,,,,,,satellite
312,ak-sai,39.87809773,70.519655,privateprop,,,,,,,,,satellite
313,ak-sai,39.87820358,70.51989912,privateprop,,,,,,,,,satellite
314,ak-sai,39.87705655,70.51707957,privateprop,,,,,,,,,satellite
315,ak-sai,39.8784035,70.52041787,privateprop,,,,,,,,,satellite
316,ak-sai,39.87923739,70.52023364,privateprop,,,,,,,,,satellite
317,ak-sai,39.87940467,70.51987163,privateprop,,,,,,,,,satellite
318,ak-sai,39.87959586,70.51954428,privateprop,,,,,,,,,satellite
319,ak-sai,39.87891103,70.52062506,privateprop,,,,,,,,,satellite
320,ak-sai,39.87871135,70.52102486,privateprop,,,,,,,,,satellite
321,ak-sai,39.87957416,70.51852779,privateprop,,,https://youtu.be/raWjX-jtYkU?t=711,711.0,,,,,socialmedia
322,ak-sai,39.87897205,70.51843918,privateprop,,,,,,,,,satellite
323,ak-sai,39.8784482,70.51801344,civinfra,School,Школа,https://t.me/seychas_kg/13359,,https://sputnik.kg/img/07e6/09/13/1068067083_0:0:3072:2048_600x0_80_0_1_38501ebaba72e31c911651ae4a495047.jpg.webp,,https://youtu.be/raWjX-jtYkU?t=645,645.0,socialmedia
324,ak-sai,39.87967589,70.52223453,privateprop,,,,,,,,,satellite
325,ak-sai,39.87942059,70.52196312,privateprop,,,,,,,,,satellite
326,ak-sai,39.8792243,70.52181786,privateprop,,,,,,,,,satellite
327,ak-sai,39.87926583,70.52086646,privateprop,,,,,,,,,satellite
328,ak-sai,39.87916296,70.52107228,privateprop,,,,,,,,,satellite
329,ak-sai,39.87905071,70.521279,privateprop,,,,,,,,,satellite
330,ak-sai,39.87892236,70.52152107,privateprop,,,,,,,,,satellite
331,ak-sai,39.87971354,70.52017344,privateprop,,,,,,,,,satellite
332,ak-sai,39.88070864,70.51523636,privateprop,,,,,,,,,satellite
333,ak-sai,39.87997353,70.51542404,privateprop,,,,,,,,,satellite
334,ak-sai,39.87902336,70.51576918,privateprop,,,,,,,,,satellite
335,ak-sai,39.87926479,70.5159773,privateprop,,,,,,,,,satellite
336,ak-sai,39.87981398,70.51667413,civinfra,Kindergarten,Детский сад,,,,,,,satellite
337,ak-sai,39.88049904,70.51799712,privateprop,,,,,,,,,satellite
338,ak-sai,39.88031746,70.51787142,privateprop,,,https://youtu.be/raWjX-jtYkU?t=711,711.0,,,,,socialmedia
339,ak-sai,39.88018717,70.51765711,privateprop,,,https://youtu.be/raWjX-jtYkU?t=711,711.0,,,,,socialmedia
340,ak-sai,39.88026017,70.51542572,privateprop,,,,,,,,,satellite
341,ak-sai,39.88109642,70.51511862,privateprop,,,,,,,,,satellite
342,ak-sai,39.88111373,70.51474484,privateprop,,,,,,,,,satellite
343,ak-sai,39.88058671,70.51865687,privateprop,,,,,,,,,satellite
344,ak-sai,39.88248938,70.51896474,privateprop,,,,,,,,,satellite
345,ak-sai,39.89542982,70.50530184,privateprop,Chicken farm,Куриная ферма,https://eurasianet.org/sites/default/files/styles/article/public/2022-10/Photo_6553723_DJI_123_jpg_5279256_0_2022921143934_photo_original-01.jpeg?itok=-PPQ82wm,,,,,,socialmedia
346,ak-sai,39.88053494,70.51676853,privateprop,,,https://youtu.be/raWjX-jtYkU?t=661,661.0,,,,,socialmedia
347,vorukh,39.87669721,70.52428464,privateprop,,,,,,,,,satellite
348,kok-tash,39.9572414,70.51522964,privateprop,,,,,,,,,satellite
349,kok-tash,39.96003911,70.52037155,privateprop,,,,,,,,,satellite
350,kok-tash,39.96104967,70.5202376,privateprop,,,,,,,,,satellite
351,kok-tash,39.96124584,70.52064893,privateprop,,,,,,,,,satellite
352,kok-tash,39.96068691,70.52094348,privateprop,,,,,,,,,satellite
353,kok-tash,39.96080887,70.52114368,privateprop,,,,,,,,,satellite
354,kok-tash,39.96102831,70.52143986,privateprop,,,,,,,,,satellite
355,kok-tash,39.96169198,70.52174942,privateprop,,,,,,,,,satellite
356,kok-tash,39.96141832,70.5222517,privateprop,,,,,,,,,satellite
357,kok-tash,39.96186864,70.52233596,privateprop,,,,,,,,,satellite
358,kok-tash,39.96192477,70.52283975,privateprop,,,,,,,,,satellite
359,kok-tash,39.96207094,70.52302511,privateprop,,,,,,,,,satellite
360,kok-tash,39.96213634,70.52354219,privateprop,,,,,,,,,satellite
361,kok-tash,39.94871735,70.51476946,privateprop,,,,,,,,,satellite
362,kok-tash,39.95095581,70.5163684,privateprop,,,,,,,,,satellite
363,kok-tash,39.95087885,70.51720161,privateprop,,,,,,,,,satellite
